target,close,volume,day_HL,sma,ema,rsi,macd_line,macd_signal,macd_histogram,bb_middle,bb_upper,bb_lower,Sentiment
-0.41575288246014525,1.3897371382254011,-0.22514428688959606,1.205484516622368,1.2252499138927395,1.240823359416532,1.2943465650683863,0.3370839325884427,0.37739081223469795,-0.040306879646255234,1.2252499138927395,2.329673478278319,0.1208263495071602,0.02853194
-2.8293102015992093,1.274550969037688,-0.12387715759494777,0.83409432575591,1.2717975728313813,1.2440355127137852,1.0483563684924808,0.298930412915156,0.3616987323707896,-0.0627683194556336,1.2717975728313813,2.295270055308837,0.2483250903539258,0.016304405
-1.9382244499367542,1.1956424600703834,0.18558490005120684,1.2393105711628156,1.307861042318605,1.2394266505572706,1.0221906863050085,0.2593367439325378,0.34122633468313923,-0.08188959075060143,1.307861042318605,2.261470023060503,0.3542520615767071,-0.03446138
4.079376842602816,1.3617210296478348,-0.1033683816057826,1.2466009476793338,1.3535946982419191,1.2510737342801814,1.0610151333813316,0.23860909151720566,0.3207028860499525,-0.08209379453274684,1.3535946982419191,2.2168295232229305,0.4903598732609076,0.003595731
3.250120828466631,1.4940391358126035,0.04252372958713999,1.3996403233427213,1.4055838965614424,1.2742132963308883,1.0519148839003174,0.2302055763956341,0.3026034241190888,-0.0723978477234547,1.4055838965614424,2.1590228532119835,0.6521449399109015,0.055098522
0.67676102677006,1.5215912614456024,-0.3084308263715934,0.7980486348920247,1.4523205869551976,1.2977731025322896,1.0011116662532373,0.2231960907936661,0.28672195745400425,-0.06352586666033816,1.4523205869551976,2.1005395391325665,0.8041016347778289,-0.008880898
3.7103918009204375,1.672647804306104,-0.2876837458850335,0.9717809794928054,1.5030398656938257,1.3334754550821768,0.8987040401203639,0.2272108779628348,0.2748197415557704,-0.04760886359293559,1.5030398656938257,2.03860815222756,0.9674715791600916,0.09380068
1.7422122080461189,1.7435763119131773,0.0664397299115828,1.4144745155073708,1.5315317785481577,1.372532679542272,1.001019573506091,0.2334251832980716,0.26654082990423067,-0.033115646606159066,1.5315317785481577,2.053802310920356,1.0092612461759596,0.063588
-4.135293272729215,1.5752212866196749,0.14889916366485736,2.2416455935476645,1.5528830779885794,1.3918363564067866,0.8331314976163303,0.2222037944826294,0.25767342281991046,-0.03546962833728107,1.5528830779885794,2.0431000597149818,1.062666096262177,0.05583564
0.6284772484400752,1.6008076951472832,-0.28978088969265875,1.296422619984686,1.571630114714039,1.4117383886677861,0.8152277717838029,0.21292095213674855,0.24872292868327808,-0.03580197654652953,1.571630114714039,2.037251029820013,1.106009199608065,0.0052323756
-3.053759503108199,1.4764838021415647,-0.6320541796275151,0.502488976263164,1.5764764615937128,1.4179046185224318,0.773845244999168,0.1933040448494998,0.23763915191652243,-0.04433510706702262,1.5764764615937128,2.035652937146438,1.1172999860409873,0.03195429
5.090022790022756,1.6837075367216343,-0.38721984486960914,0.7584993299577929,1.5846986132424714,1.4432191821604512,0.9824084439339678,0.19226244623084043,0.22856381077938606,-0.03630136454854563,1.5846986132424714,2.0454480346665656,1.1239491918183773,0.075300254
0.6833823403773729,1.7115292276179208,-0.14966559330378917,0.8790600207220544,1.577027629668843,1.4687725198230672,1.3234727710588101,0.1914747480543202,0.22114599823437292,-0.029671250180052733,1.577027629668843,2.0230029751339087,1.1310522842037773,0.044295818
-4.346763456194869,1.5345648811135224,-0.2879006549715219,1.3888237833741488,1.5666711689458412,1.4750384589935868,1.0858844806154537,0.17455874323128984,0.21182854723375633,-0.03726980400246649,1.5666711689458412,2.006118059592405,1.1272242782992774,0.030509287
-0.9497739190924658,1.4958979229012963,-0.24747068560172764,0.9302512572535598,1.5471109057928734,1.4770250746038447,1.0702599941971318,0.15623164599709982,0.20070916698642505,-0.044477520989325225,1.5471109057928734,1.9605609735488287,1.133660838036918,0.05527377
-6.419876077133223,1.2345335339534729,-0.049089387884124494,1.4551405066898242,1.5117909087736314,1.4539306421609521,0.9758516344938102,0.1192428106297787,0.18441589571509578,-0.06517308508531708,1.5117909087736314,1.9037167629608158,1.119865054586447,-0.031741433
-0.5872086315763078,1.2106272430324552,-0.16261980244254604,1.1143359358250366,1.476569858327731,1.430758889863,1.009352941277325,0.08699700688527456,0.16493211794913157,-0.077935111063857,1.476569858327731,1.8415934416907365,1.1115462749647254,0.013593562
4.235837141187615,1.3830755851480192,-0.397627163535353,0.5017186167990112,1.4598236128841737,1.4262176227472876,1.01327593303641,0.07449834455466497,0.14684536327023825,-0.07234701871557328,1.4598236128841737,1.80857906045256,1.1110681653157874,-0.011585478
1.6363195584229167,1.4496930176922243,-0.5252027295653935,0.6595789639617117,1.4708155504062592,1.4284533746468053,0.971256373346867,0.06917117245239002,0.1313105251066686,-0.062139352654278585,1.4708155504062592,1.8024921512054028,1.1391389496071156,0.12103763
-6.0956445819052485,1.2015286602730064,-0.31197831237997786,0.9959860600166592,1.4605588251410435,1.406841497087396,0.8184997540046293,0.04441259972967404,0.11393094003126969,-0.06951834030159565,1.4605588251410435,1.812647446809249,1.108470203472838,-0.09132482
1.3179927022311668,1.2551864494760285,-0.3034573971614257,0.632809904342303,1.4538312907035746,1.3923981592196466,0.7494273429269788,0.028789124516052977,0.09690257692822636,-0.06811345241217338,1.4538312907035746,1.8165976487795472,1.091064932627602,0.039174262
-4.977243020772962,1.0525541766502822,-0.07844564980336703,0.8762531293453418,1.4427314510842044,1.360032065641612,0.6156146870603905,5.6031009127543996e-05,0.07753326774440661,-0.07747723673527906,1.4427314510842044,1.8404923035559269,1.044970598612482,0.011944813
-0.8174578197676281,1.0192740383754646,-0.13694153933014583,0.6137478190429483,1.4339130299994585,1.327578920187693,0.6656274269637734,-0.02511111631319718,0.057004390932885854,-0.08211550724608303,1.4339130299994585,1.8614452324787059,1.006380827520211,-0.041069392
1.8236618133556712,1.0935185019396316,-0.06358053143647303,0.8570803935022894,1.4205029036140486,1.305287451783116,0.7035678017054531,-0.03862016494165821,0.03787947975797704,-0.07649964469963524,1.4205029036140486,1.8736284455928327,0.9673773616352646,0.032806884
-5.0277132790258685,0.888831496584811,0.0402454718659984,1.2339221182518925,1.3902425216526588,1.2656249798594679,0.6720103119857163,-0.06509236967953602,0.017285109870474432,-0.08237747955001046,1.3902425216526588,1.8999867687840686,0.880498274521249,-0.046850923
0.6095449446181606,0.9136471378950559,0.24957186332421674,0.8588446630055112,1.3598453154751315,1.232103280624762,0.5214849815121024,-0.08311131232201863,-0.0027941745680241797,-0.08031713775399445,1.3598453154751315,1.907692211788869,0.8119984191613939,-0.014012265
-3.498927121736169,0.7711996921565231,-0.2948551484222412,0.47178547002950705,1.3147729098676524,1.188207700770644,0.45453260561926045,-0.10764490906866686,-0.02376432146815272,-0.08388058760051414,1.3147729098676524,1.9012296909631479,0.728316128772157,-0.013951764
4.288056302579569,0.9457739677082775,-0.09627186032441154,0.8951721514825776,1.2748827926574076,1.1651187738123232,0.657979327919609,-0.11171351235528948,-0.04135415964558008,-0.0703593527097094,1.2748827926574076,1.8468854286706944,0.7028801566441208,0.0682613
7.49470552371662,1.2508965442214348,0.22642804413737894,1.043774945127377,1.2586665555374954,1.1732880852798577,0.8767575401929131,-0.08928781352916859,-0.05094089042229778,-0.03834692310687081,1.2586665555374954,1.8129325236831577,0.704400587391833,0.026082842
5.76188630553096,1.4854730181811016,0.2335895738601399,1.355508623434449,1.2528998216891865,1.2030199836514048,1.1279536744690462,-0.05198764343751461,-0.051150241025341145,-0.000837402412173463,1.2528998216891865,1.7944311074761727,0.7113685359022001,0.12159952
2.5248391499066827,1.5882636380744344,-0.05503079329390488,0.8337837626087924,1.2584888134858299,1.2397098555012172,1.1851105412738911,-0.013971590144157942,-0.04371451084910451,0.029742920704946565,1.2584888134858299,1.8119127949528797,0.70506483201878,0.09663793
-0.5000275342793564,1.5679066421785932,-0.19291017533372196,0.7287816310501268,1.252698768758678,1.270966692327634,1.097899491490514,0.014348367494492198,-0.03210193518038517,0.04645030267487737,1.252698768758678,1.789566669449401,0.7158308680679547,0.119362965
-0.20947102761839836,1.5593787101004708,-0.2322064732074187,0.7216926453968965,1.2450912428828054,1.2984345035440947,1.0599415333440667,0.035692563455926196,-0.018543035453122896,0.054235598909049096,1.2450912428828054,1.7583775866279923,0.7318048991376184,0.08452397
-1.4592268383646079,1.4999710320762965,-0.34711336360093403,0.7735719536563826,1.243361550430944,1.3176284586423996,1.181852718817548,0.04726939721915624,-0.00538054891866707,0.05264994613782331,1.243361550430944,1.75275903119609,0.7339640696657984,-0.039114878
-1.2668840823859995,1.4483939642198091,-0.42027547862778447,0.5115105098931212,1.2409863524968698,1.3300823163164386,1.1178784200311809,0.05168647356112244,0.006032855577290832,0.04565361798383161,1.2409863524968698,1.745848680510734,0.7361240244830056,0.07937457
13.531668418977072,1.9992918640044728,0.45077820017705594,1.1927440692985027,1.2792242689994198,1.3938165589533944,1.4763924556669112,0.09850439747498774,0.024527163956830213,0.07397723351815752,1.2792242689994198,1.8873189990543129,0.6711295389445266,0.15288414
-4.183269683612802,1.828983635072171,0.37673904660199936,1.5218823483101032,1.3101420886014055,1.435261042393278,1.3811592153823333,0.12047670823370149,0.04371707281220447,0.07675963542149702,1.3101420886014055,1.9646588296774643,0.6556253475253466,0.063772514
-5.347121367683641,1.6112929675104766,0.11001276407029895,1.5816407800921022,1.3215529577195284,1.4520259876425348,1.2283177157756078,0.11895289038180423,0.05876423632612443,0.0601886540556798,1.3215529577195284,1.9892483151244629,0.653857600314594,-0.03030926
-2.152337383085411,1.5236675463682545,0.2621564322521748,1.2316918756694184,1.3252516841533297,1.4588489932354605,1.2951738800583286,0.10941336541661562,0.06889406214422267,0.04051930327239295,1.3252516841533297,1.996744600502013,0.6537587678046463,0.042203743
-3.5446567451716833,1.3793583676394838,0.16696562482625094,1.294154520903326,1.3341431695216537,1.451278457464415,1.2051399318827398,0.08918065934396924,0.07295138158417198,0.016229277759797253,1.3341431695216537,2.003443979192598,0.6648423598507094,-0.016219962
3.034195341380184,1.5028857693868223,0.24049011620601743,1.399537625138782,1.3465281355171934,1.4561934395522635,1.3250071254571714,0.08216655803790585,0.07479441687491876,0.007372141162987081,1.3465281355171934,2.018837451764918,0.6742188192694689,0.03786282
0.5935024657598724,1.5270482933107459,-0.11050728442794984,0.6572939023512299,1.3702528413502164,1.462941520862595,1.2766812675265637,0.07766230327594248,0.0753679941551235,0.002294309120818974,1.3702528413502164,2.032292549958902,0.7082131327415307,0.11776878
3.928974893184172,1.6870037363458672,0.12623778022795626,0.7534064531843901,1.4036393262487368,1.4842807794800497,1.2229913455437198,0.08600826661594185,0.07749604864728718,0.008512217968654673,1.4036393262487368,2.0584612139315146,0.7488174385659591,0.090216875
-6.749107331435771,1.4122357669286627,0.2907708263982491,1.5815647856647637,1.4195751894981883,1.477419349713251,0.9633062444233389,0.06964816322093981,0.0759264715620177,-0.006278308341077898,1.4195751894981883,2.057925124081535,0.7812252549148417,-0.044472612
1.7497758575059024,1.4834722039405281,-0.03161616016751043,0.693103572922988,1.449307224865974,1.477995812020611,0.9466534023730104,0.061719385870008026,0.07308505442361578,-0.011365668553607752,1.449307224865974,2.0369509797329517,0.861663469998996,0.02183376
-1.8197241232530916,1.4093880506308214,-0.10354435187839126,1.0036238423137525,1.4740942705027624,1.4714617395072975,0.9214507113465444,0.04889417901058324,0.06824687934100927,-0.019352700330426034,1.4740942705027624,2.005758683174433,0.9424298578310916,0.022117592
-3.3827896918571807,1.2716687628862426,0.016126431894106542,1.1019398076169729,1.4991177240392486,1.452433836971959,0.8660112453461726,0.027302587388838617,0.06005802095057515,-0.03275543356173653,1.4991177240392486,1.928820267399702,1.0694151806787953,-0.020409886
0.06227038828787052,1.2742038993575484,-0.05669724800107915,0.8711382309053313,1.515539220621712,1.435459557199158,0.8919979542072309,0.010277190738301467,0.05010185490812041,-0.039824664169818946,1.515539220621712,1.8756748426695369,1.155403598573887,0.009254106
-5.2566067125072085,1.0601982417955447,0.3469897483107923,1.15338237922241,1.5060043055004173,1.399720384303576,0.8276849500515432,-0.02025059061094936,0.03603136580430646,-0.05628195641525582,1.5060043055004173,1.9037731575715906,1.108235453429244,-0.10837273
-1.472612987219572,1.0002455902276746,0.8982122583881207,1.4581611173524713,1.4817429341027462,1.3616751658201567,0.43296581827536895,-0.04872013976337275,0.019081064690770616,-0.06780120445414337,1.4817429341027462,1.9394588526520993,1.024027015553393,-0.048868045
-1.247312484248992,0.9494653163787898,0.0724711487267146,0.849199693004858,1.4498030180179637,1.3224170849209789,0.4644764277430929,-0.07452097487913245,0.00036065677679000124,-0.07488163165592246,1.4498030180179637,1.9621172682300418,0.9374887678058856,0.020399703
2.0699052582711226,1.0337347814756146,0.28482479784366577,1.4202102743058738,1.4230944249828148,1.2949235322118966,0.6172401615433116,-0.08716371201476303,-0.017144216981520605,-0.07001949503324242,1.4230944249828148,1.9643620044353574,0.8818268455302724,0.10873721
-11.554175561970451,0.5633440762240602,0.7479026522680157,1.7775403997926824,1.3732926932889944,1.2252492983082932,0.49234796415118837,-0.13359971660531245,-0.040435316906278974,-0.09316439969903348,1.3732926932889944,2.0322557257026688,0.7143296608753198,-0.041117344
2.0805692766870254,0.6480476921710748,0.5645722028949944,1.085134585879372,1.3306965262937331,1.1702777167714153,0.6008327171178829,-0.1617017141821313,-0.06468859636144944,-0.09701311782068187,1.3306965262937331,2.0614131986081956,0.5999798539792706,0.03629512
10.677611383930962,1.0827519358750495,0.2021697900795783,1.2563343023252878,1.3124144248764953,1.1619419281146186,0.8039750889763495,-0.1471989325672749,-0.08119066360261454,-0.06600826896466036,1.3124144248764953,2.0490049617879933,0.5758238879649975,0.058095966
-0.5839526637397522,1.0589782011021274,-0.14918927282044184,0.6448399188882907,1.2653987417313781,1.1521358588753339,0.781569495332171,-0.13605535393276535,-0.0921636016686447,-0.04389175226412065,1.2653987417313781,1.934318767550988,0.5964787159117682,0.021717502
-2.7479191598914547,0.9471056036448007,-0.2260984111200624,0.6959937760457393,1.2213048401600095,1.1326091679009973,0.6467922615275044,-0.13469845133613845,-0.10067057160214346,-0.03402787973399499,1.2213048401600095,1.8487816002433481,0.5938280800766708,-0.011013951
-1.6032495024878957,0.8818345109454899,-0.08891489786981825,0.9323527287027104,1.1848319173317603,1.108725867238568,0.7186646567846796,-0.13730713673831452,-0.10799788462937768,-0.02930925210893684,1.1848319173317603,1.8015716532883772,0.5680921813751433,-0.043116778
3.611110968421323,1.0288491573879612,-0.14273777966972792,0.9150190202819923,1.1600909978827454,1.1011185615385102,0.7681768814566108,-0.12605856077892996,-0.11161001985928815,-0.014448540919641817,1.1600909978827454,1.7590420652195835,0.5611399305459072,0.06467219
-1.7307186421337502,0.9583885729612461,-0.2809546011561171,0.7578637588518631,1.1390425081488336,1.0875252292930564,0.7695989032670087,-0.12142979648263807,-0.11357397518395813,-0.00785582129867994,1.1390425081488336,1.735129965601938,0.5429550506957291,0.012883583
1.6157190523412777,1.0241673228549835,-0.39713349897304095,0.534057973677331,1.1151065858222418,1.0814911429656209,0.8687352356273376,-0.11117214872071335,-0.11309360989130918,0.0019214611705958284,1.1151065858222418,1.6876589584810442,0.5425542131634394,0.059782073
1.0845920427171938,1.0683229627920452,-0.3769569421754324,0.44916298606923044,1.0921703192963066,1.0802370305681375,0.8931672768798771,-0.09834622379863411,-0.11014413267277418,0.011797908874140062,1.0921703192963066,1.6309991336118164,0.5533415049807967,0.02935717
-2.9452771017468202,0.9484155781741443,-0.21473908711662854,0.8021683317741545,1.0552409113877206,1.0676826065306144,0.9390177273741311,-0.09674192898534328,-0.107463691935288,0.010721762949944716,1.0552409113877206,1.5183337953494123,0.592148027426029,-0.08097497
-4.925102969626415,0.7479060180680661,-0.06625244308323876,1.0969844506931565,1.0220244239446905,1.037227693343705,0.8721419956386345,-0.11037759534823155,-0.10804647261787673,-0.002331122730354823,1.0220244239446905,1.4724286985092994,0.5716201493800817,-0.05642469
1.832566437213505,0.8225130044512796,-0.21394065200587162,0.7608864044646516,0.9889764639702283,1.01677867535395,0.936441822422148,-0.11385139093134089,-0.10920745628056958,-0.004643934650771314,0.9889764639702283,1.391241485218542,0.5867114427219147,0.05652389
5.3290764282768475,1.0394690309537087,-0.32320095554438444,0.5027091809154205,0.9704805129863725,1.018939661601546,1.0026920024828143,-0.09796854044576175,-0.10695967311360802,0.008991132667846263,0.9704805129863725,1.322196020878375,0.61876500509437,0.070269816
0.10407532409399334,1.043706119514228,-0.3820786509747799,0.4430032361252087,0.9590823808177719,1.0212983718789443,1.288687448499565,-0.08407025974772231,-0.10238179044043089,0.018311530692708577,0.9590823808177719,1.283409156274314,0.6347556053612298,-0.057099413
-5.09426990066609,0.836309477628044,-0.32856386500456863,0.8009805790708315,0.9371876597312966,1.003680381950287,1.105371681469704,-0.08876768921171507,-0.09965897019468772,0.010891280982972651,0.9371876597312966,1.2294839622278197,0.6448913572347734,-0.091052525
-2.2103035296720805,0.7463241532259679,-0.15899137453493992,0.8985105315520727,0.9214939553028179,0.9791702649289233,0.766681668063341,-0.09861473032000345,-0.09945012221975089,0.0008353918997474341,0.9214939553028179,1.2196277252766565,0.6233601853289792,0.037344463
-4.136624223452854,0.5779149425995362,0.022911078027211602,1.0242294276075432,0.9003774229214109,0.9409554723261245,0.6967887798795315,-0.11864018696114131,-0.10328813516802898,-0.015352051793112331,0.9003774229214109,1.2328717749003149,0.5678830709425069,-0.028449167
-6.997917599526952,0.2930174717866234,0.16826092582111143,1.3797632736761198,0.8675550306918025,0.8792470913223626,0.6282716613712972,-0.15570448613843457,-0.1137714053621101,-0.041933080776324475,0.8675550306918025,1.2955379736105894,0.4395720877730157,-0.10691743
4.807345500262781,0.4887329192564944,0.6139378417426811,1.8186235166434874,0.8403049375808467,0.8420552654113275,0.7920131250885243,-0.1673564285887067,-0.12448841000742943,-0.04286801858127727,0.8403049375808467,1.2924562346486337,0.3881536405130597,-0.17714977
1.1364031324829555,0.5349978793197783,-0.08999336884544099,0.6603930504761136,0.8388876277356324,0.8128117048311799,0.7239945781697955,-0.17088759547673527,-0.1337682471012906,-0.03711934837544467,0.8388876277356324,1.2948559285952836,0.3829193268759811,0.085500404
7.477746853358716,0.8394300386874631,0.18358277096149356,1.124242804144855,0.848456745061452,0.815346784246064,0.9412043106743105,-0.14742155573316185,-0.13649890882766486,-0.010922646905496991,0.848456745061452,1.2955073691045835,0.40140612101832046,0.05732942
-0.6962143345558526,0.8110859348540506,-0.10685127352138456,0.6540142393712671,0.8348734450104021,0.8149409890658722,0.8926984308175947,-0.12961753224290606,-0.1351226335107131,0.005505101267807039,0.8348734450104021,1.268249410968749,0.4014974790520552,0.11733227
1.7955297114516389,0.8841850913226249,-0.11112389270510767,0.7705322169548753,0.8261337895214268,0.8215356654712772,0.9086056242682092,-0.10836011637421072,-0.12977013008341265,0.021410013709201925,0.8261337895214268,1.2473603250432947,0.4049072539995588,-0.022119466
-4.614210448825768,0.696332509754954,-0.2621190936305631,0.9863342939142923,0.8135951348269346,0.809611555403056,0.8789637224317548,-0.10545596382294786,-0.12490729683131971,0.019451333008371846,0.8135951348269346,1.234589160979725,0.39260110867414405,-0.0011441013
-0.11915196265851885,0.691481624856552,-0.1966281201741193,0.5644864347846623,0.8040774905224876,0.7983610858271983,0.9700991220517545,-0.10236581843909076,-0.12039900115287393,0.018033182713783166,0.8040774905224876,1.2271773900285563,0.38097759101641887,0.03514774
-4.021280504200249,0.5277682588755964,-0.11986752988991015,1.1416427033008016,0.7790234455968694,0.7725903404032363,0.8508493353410637,-0.11183795802071395,-0.11868679252644193,0.006848834505727985,0.7790234455968694,1.205412106820364,0.3526347843733748,0.03835748
2.4633942103232314,0.6280573477587954,0.0050510631659162865,1.2686825722037136,0.7625068843367468,0.758825293484718,0.7787499584948925,-0.10998437415784756,-0.11694630885272306,0.0069619346948754934,0.7625068843367468,1.185216840231518,0.3397969284419757,0.019821094
4.193357517885767,0.7987762700765899,-0.251605720744889,0.5406476877536908,0.7512373316978271,0.7626301483982296,0.8791048575160574,-0.09366014941762568,-0.11228907696570359,0.018628927548077906,0.7512373316978271,1.15622123892389,0.34625342447176444,0.07652255
-2.4063755330148666,0.7008085113209919,-0.2436421759520293,0.8552262345551671,0.7328616091242746,0.7567423734384927,0.9292991873268838,-0.08761825438607362,-0.1073549124497776,0.019736658063703977,0.7328616091242746,1.10963552127252,0.3560876969760291,0.056437735
-5.123458590105293,0.492223546811784,-0.10463914221146603,1.0071461798697936,0.7100520075561565,0.731550104235949,0.8751434314196339,-0.0985253337451526,-0.1055889967088526,0.007063662963700007,0.7100520075561565,1.087115694524992,0.33298832058732103,0.0033913658
-3.6436802368687413,0.34388294845934386,-0.021967860782013893,0.9117875975982023,0.6898508540757204,0.6946294227334152,0.8838592087651653,-0.11778140851049279,-0.10802747906918064,-0.009753929441312148,0.6898508540757204,1.1001975587906052,0.2795041493608357,-0.07132378
4.634835554625338,0.5325752141750453,-0.06512156208612896,1.0190786438865553,0.6753539645619087,0.679195688584999,1.1248433763253323,-0.11647346402726466,-0.10971667606079745,-0.006756787966467212,0.6753539645619087,1.0864524085248624,0.2642555205989549,-0.0062495642
4.781204042527855,0.7272263971567854,0.16933664142182678,0.8258962180085231,0.6597418328720626,0.683770041782312,1.124357717159688,-0.09859365857858804,-0.10749207256435558,0.008898413985767545,0.6597418328720626,1.0347493036912314,0.2847343620528937,0.06308067
3.733501046902268,0.8792237578590206,-0.07334854675287387,1.019087036269446,0.6515177147893021,0.7023846814086653,1.1701112071546635,-0.07133654395647127,-0.10026096684277873,0.028924422886307463,0.6515177147893021,0.9971327682726678,0.3059026613059364,-0.047560874
3.876779427650439,1.037054232157804,0.383652201232296,0.846036173884899,0.6615549525157901,0.7342579719562023,1.1052910381361805,-0.03657783746851129,-0.08752434096792525,0.05094650349941396,0.6615549525157901,1.0398786436255936,0.28323126140598653,0.07593805
1.7417963888750974,1.107965811038802,0.12534195081179386,0.758097119827184,0.6796370354064318,0.7698491947259738,1.1546651980609004,-0.0032716270903604405,-0.07067379819241229,0.06740217110205185,0.6796370354064318,1.1064784271856078,0.25279564362725593,0.048724987
7.9052437781791305,1.429802118273256,0.423993616888774,1.5788597048385506,0.7222313941901178,0.8327018541114293,1.2516408227656988,0.048533817254134304,-0.04683227510310297,0.09536609235723728,0.7222313941901178,1.261535849680244,0.18292693869999166,0.097217955
0.5161136057840388,1.4508140062883346,0.5738096678880552,1.3042764496742534,0.7801212209152034,0.8915696781282774,1.3769774970532034,0.09024519842262935,-0.01941678039795651,0.10966197882058586,0.7801212209152034,1.3714831717641323,0.18875927006627446,0.04716037
1.4823128420135132,1.5111615559181986,-0.10762659656204578,0.7193631708495682,0.8312426527482885,0.9505784283939842,1.3985038643316061,0.12671066969693634,0.00980870962102206,0.11690196007591427,0.8312426527482885,1.4895278826465914,0.1729574228499855,0.12252127
-0.3234937980317318,1.4979915573333145,-0.19540452027539984,0.501033846350645,0.8793923366489654,1.0027130121024919,1.508942916869138,0.1527858889598136,0.03840414548878037,0.11438174347103322,0.8793923366489654,1.5855737138755341,0.17321095942239673,0.020508995
8.034507836118216,1.8250904305597357,0.31656679335780846,0.9194403787146511,0.928675356242579,1.0810346710031817,1.5611549242090161,0.19756739947773894,0.07023679628657209,0.12733060319116685,0.928675356242579,1.7511183451463341,0.10623236733882402,0.019396905
0.7079858095940533,1.8539137717403198,-0.05687119878156023,0.8674824938858714,0.9808167480868925,1.1546422044067186,1.529883243198432,0.23270044605202633,0.10272952623966294,0.1299709198123634,0.9808167480868925,1.8985741510857816,0.06305934508800315,0.046595186
-0.507475414515134,1.833253559607375,-0.2338739194378082,0.6235040206524647,1.02827017150113,1.2192718572829717,1.59167749727516,0.2559263722172642,0.1333688954351832,0.12255747678208101,1.02827017150113,2.0201421797740666,0.03639816322819345,-0.0035123955
-1.4981813142339526,1.7722599767059026,-0.37239665932047844,0.5511903038240172,1.0820665448486775,1.2719373924661082,1.7246725761277386,0.26634119810139567,0.1599633559684257,0.10637784213296997,1.0820665448486775,2.11403503753726,0.050098052160094886,0.022062201
0.6486599368272561,1.7986680577945169,-0.30461031375968906,0.5913576757090983,1.1374258664955756,1.3221022177354804,1.8846729406233902,0.27357236219316716,0.18268515721337403,0.09088720497979313,1.1374258664955756,2.1995214282384574,0.07533030475269387,0.05739097
5.611341298759181,2.027115581096678,0.045259154788523846,1.5963858398974071,1.2123932326066298,1.389246347579404,1.8873952359235557,0.29434390444081693,0.2050169066588626,0.08932699778195433,1.2123932326066298,2.3045361224199645,0.12025034279329483,0.04423911
-4.730897154420112,1.8345124795595282,0.02166983576366902,1.343557275178802,1.2727159891966664,1.4316526458632253,1.658260410066341,0.29189920830776894,0.2223933669886439,0.06950584131912504,1.2727159891966664,2.36223482725149,0.18319715114184287,0.023976967
-4.169489429436831,1.664765268888167,0.1428587508733081,1.0682589545939616,1.3160154391372452,1.4538538480560768,1.4621132186083685,0.273116273354443,0.23253794826180374,0.040578325092639256,1.3160154391372452,2.3950091809664658,0.2370216973080248,0.008234013
1.0996816105212806,1.709535231535078,0.04101248944537302,1.1853755326415771,1.3664517751479495,1.478204456006458,1.423789148007644,0.25885925554399014,0.23780220971824104,0.021057045825749104,1.3664517751479495,2.4183255302284006,0.31457802006749835,0.008230642
-3.004944796541838,1.5871986706523002,-0.272454144285876,0.5643477076607734,1.4212005313399754,1.4885848574013,1.2925265576313125,0.2349802224249924,0.2372378122595913,-0.002257589834598922,1.4212005313399754,2.392373241281499,0.45002782139845166,0.04599981
-4.832808607380462,1.3904465755349409,-0.20104886304075523,0.7496625124922077,1.473528712693755,1.4792383543664087,0.9739913273230215,0.19789841712382317,0.2293699332324377,-0.03147151610861454,1.473528712693755,2.3026888349582615,0.6443685904292484,0.003094043
1.1291813566499354,1.436417524467007,-0.10844146849863008,0.9819430136411106,1.5187208282083533,1.4751601800902754,0.9906402639637071,0.17025766625140437,0.21754747983623104,-0.04728981358482667,1.5187208282083533,2.2207169479312237,0.8167247084854831,-0.049581304
3.5888356035912934,1.5825253018286052,-0.24851952985418815,1.1609117766652395,1.561485773441944,1.48538542977964,1.0439461897112394,0.1583168702719282,0.20570135792337046,-0.047384487651442264,1.561485773441944,2.1565220639150566,0.9664494829688314,0.009079369
-3.6552318808432736,1.433714415836268,-0.2023529797264733,0.6782680102714118,1.5892103063408065,1.480464380832652,0.963469144736003,0.13528641106044947,0.19161836855078626,-0.05633195749033679,1.5892103063408065,2.0954440687747105,1.0829765439069026,-0.08026983
1.9583733431163082,1.5134432215025393,-0.28898000957463804,0.9150364258766007,1.6130297558080433,1.4836052228012129,0.7939059420765111,0.12206101114950108,0.17770689707052922,-0.05564588592102815,1.6130297558080433,2.049959703947919,1.1760998076681677,-0.037673436
2.3758093445249453,1.6101665772383364,-0.3074682678016653,0.8874736831237159,1.63813979411802,1.495658685128558,0.8457354920298696,0.11802404516800102,0.1657703266900236,-0.047746281522022566,1.63813979411802,2.0049526051263706,1.2713269831096694,0.024780184
-4.9555036713700975,1.4084193513674745,-0.013185355980607907,1.3252864577381387,1.637070655772731,1.487350177151312,0.7587741512514331,0.09742238092307631,0.15210073753663414,-0.05467835661355783,1.637070655772731,2.006555165959946,1.2675861455855162,0.05637219
3.231684066245522,1.5399868646805746,0.44017200683797675,2.05704414917866,1.6415292986923429,1.4923631950112417,0.8731940585254888,0.09066666349207941,0.1398139227277232,-0.04914725923564378,1.6415292986923429,2.0036285722584797,1.279430025126206,0.021753471
-0.36975766723951786,1.5249333830252114,-0.05258942524035769,0.8791819042770576,1.6422178900476936,1.4954651176792386,0.8496266095395084,0.08313963661503498,0.12847906550518556,-0.04533942889015058,1.6422178900476936,2.003324325629832,1.2811114544655549,-0.053240232
-0.6994645387893741,1.4964569576900684,-0.0715624742303335,0.7258201706303521,1.6421411600655316,1.495559578632651,0.6725128696700827,0.0740233094155156,0.11758791428725157,-0.04356460487173597,1.6421411600655316,2.0033772605064013,1.2809050596246618,-0.041566815
-12.184121881948878,1.0004200354379185,0.7965544782123046,2.57282986209802,1.6009076403094404,1.4484034316617242,0.5664415237553146,0.026467420410985376,0.09936381551199833,-0.07289639510101295,1.6009076403094404,2.0514432804517626,1.1503720001671183,-0.12534557
0.5807678470473352,1.0240641107503272,0.011092198935648166,0.8413031929494564,1.5594151572599408,1.407990163003496,0.639595109068247,-0.009206952948394687,0.07764966181991972,-0.08685661476831441,1.5594151572599408,2.0617193336087647,1.0571109809111172,-0.09083628
-0.4537702888526075,1.0055903282592484,0.6127373056237774,1.5789054901001756,1.5180319956925346,1.3696663692183297,0.5980741672884549,-0.03852573007599025,0.05441458344073773,-0.09294031351672798,1.5180319956925346,2.0601435021644923,0.975920489220577,-0.063846946
-0.7692220213591404,0.9742739537432596,0.12710274063174362,1.2855495171955178,1.4781326945444024,1.3320099486968944,0.630859342637657,-0.06355541462366099,0.030820583827857982,-0.09437599845151898,1.4781326945444024,2.0576343067480254,0.8986310823407795,-0.045710985
3.6956284714332983,1.1247294556266643,-0.020572861771807817,1.150697227795195,1.4444357644360097,1.3122689493568727,0.8353788691716182,-0.0704391398070785,0.010568639100870685,-0.08100777890794919,1.4444357644360097,2.0238358773123695,0.8650356515596498,-0.034333803
0.6988279761963305,1.1531799653847528,-0.1700625630013566,0.7002496526112907,1.4007389836504136,1.297117617550004,0.82259873151552,-0.07276009021444341,-0.006097106762192134,-0.06666298345225127,1.4007389836504136,1.9242337843127144,0.8772441829881128,0.049387623
4.7698645764685565,1.3473694988608056,0.07487249648582818,1.3908904734729066,1.3763818346154773,1.3019035110081756,0.8570198429964222,-0.0582584208806487,-0.016529369585883448,-0.04172905129476525,1.3763818346154773,1.858601651709952,0.8941620175210026,0.0194934
-8.32861531754801,1.0082969954201377,0.23328937953156942,1.7143758624156216,1.3435584209420761,1.2739409857140767,0.7681568087748402,-0.07328131930236559,-0.027879759529179877,-0.04540155977318571,1.3435584209420761,1.8324496877193206,0.8546671541648317,-0.021858592
-0.8737180698190269,0.9727264039184876,-0.02991181742334423,0.8703145247019968,1.3067179795612465,1.2452538826859252,0.6980547678063393,-0.08705382172632259,-0.03971457196860842,-0.04733924975771417,1.3067179795612465,1.790508426260467,0.822927532862026,0.08848831
-9.072948807249679,0.6033507816369106,0.19314246883367392,1.2186202187825181,1.257525585110477,1.1841202540145905,0.5120669153695883,-0.12631803911540218,-0.057035265397967175,-0.069282773717435,1.257525585110477,1.8156070441924987,0.6994441260284552,-0.06067131
1.642717398637253,0.6702286814515295,0.11780396735601378,0.9617981273211219,1.2215146904063063,1.1351781994847752,0.617232345478385,-0.15030609162459307,-0.07568943064329237,-0.07461666098130071,1.2215146904063063,1.8337968439265142,0.6092325368860985,-0.13794088
-8.254582843646043,0.33417016956945306,0.27434637460235906,1.5149445152211694,1.1664023226614284,1.0588917204452208,0.4346988050096266,-0.19419534634318913,-0.09939061378327173,-0.0948047325599174,1.1664023226614284,1.886223123127154,0.4465815221957027,-0.08462138
-0.8174386751047352,0.3008908107073624,0.776669414361199,1.4184301528982513,1.1023205981053665,0.9867011576130439,0.4310159855562702,-0.2290232258599404,-0.12531713619860546,-0.10370608966133493,1.1023205981053665,1.8910566853543909,0.3135845108563423,-0.11634219
5.71290936914571,0.5334733478842834,0.14595486601197058,0.6336114736135122,1.0573085447077673,0.9435366043055429,0.5911563794347856,-0.235146482050006,-0.14728300536888556,-0.08786347668112043,1.0573085447077673,1.8688360914004207,0.24578099801511377,-0.02871882
-5.875856161837264,0.29425696164374415,0.0567464309332375,0.8854984325090937,0.9963492317148275,0.881700447861562,0.6635016388271032,-0.25634696164773585,-0.16909579662465563,-0.08725116502308022,0.9963492317148275,1.8458826855556805,0.14681577787397448,-0.100903936
5.141017778952919,0.5035567914569609,-0.014479993819327597,0.6381832755508957,0.9410187424257588,0.845686766299219,0.772128971762088,-0.2533394083942164,-0.18594451897856779,-0.06739488941564864,0.9410187424257588,1.7660166139746012,0.11602087087691637,-0.045333974
-6.801379812405906,0.22666071787023687,0.07516341389771745,1.0728985763231025,0.881930810750897,0.7867319045440778,0.6936533554550843,-0.2701845801381867,-0.20279253121049157,-0.06739204892769513,0.881930810750897,1.7347858861055108,0.029075735396283164,-0.14475407
-0.0549463447653546,0.2244237560267419,0.1051606770194918,0.7219391135913583,0.8161526553182054,0.7331787475424267,0.7016782355284181,-0.28048178481242303,-0.21833038193087786,-0.062151402881545165,0.8161526553182054,1.6581691441125102,-0.02586383347609944,-0.12326398
-6.416505716141864,-0.03680341962748246,0.7281593881613979,1.5713568368725845,0.7380658151855706,0.659847112573864,0.5573989063050735,-0.3061916567910086,-0.23590263690290403,-0.0702890198881046,0.7380658151855706,1.5928878956502055,-0.11675626527906435,-0.15740305
1.6568714159859568,0.030650715000870084,0.04569655174847342,0.7363583801713846,0.6647755030511107,0.5999236461383407,0.5785252862398969,-0.3174643986638096,-0.2522149892550852,-0.06524940940872442,0.6647755030511107,1.496865244013641,-0.16731423791141975,-0.08079424
-6.925464690507592,-0.25129707110383054,0.035843311964020776,0.5862629227420557,0.6021896477240232,0.518855006400991,0.4188981647991281,-0.3451700523142275,-0.27080600186691367,-0.07436405044731381,0.6021896477240232,1.5125932914683409,-0.30821399602029453,-0.16031142
4.877737911795803,-0.05271582538398647,0.060513981418880425,0.8132698261072209,0.5483506509173075,0.464419689088136,0.5935757495121373,-0.34710196019016004,-0.28606519353156296,-0.061036766658597086,0.5483506509173075,1.480796855228588,-0.38409555339397294,-0.008244941
7.427138936829311,0.24965599714530617,0.19672410053940145,1.1337896510497099,0.5105539343616103,0.4439660041411998,0.7487074917186223,-0.3205391561853186,-0.2929599860623141,-0.02757917012300448,0.5105539343616103,1.4260916454130617,-0.404983776689841,0.10773727
7.333306253742591,0.5482077269526149,-0.003480758736213394,0.6814117296690162,0.4892506230220781,0.45389378726609647,0.9803522343481896,-0.272258882223275,-0.2888197652945063,0.016560883071231325,0.4892506230220781,1.3788157571052446,-0.4003145110610884,0.055295736
-0.18035633890553526,0.5408651047984563,0.11650159437626184,0.772011371552818,0.46005740548066765,0.462176769888226,0.9529081171684918,-0.23191552767017332,-0.27743891776963975,0.04552339009946643,0.46005740548066765,1.2986759356549014,-0.3785611246935662,0.03899848
-2.3593490200273464,0.44481187767612584,-0.1621116661631969,0.7106179471008919,0.42463900109523645,0.46052297062993075,1.044132390697388,-0.20532694005376767,-0.2630165222264653,0.05768958217269765,0.42463900109523645,1.1972366987709906,-0.3479586965805177,-0.068733916
4.677398003874084,0.6352369351788283,0.005603090101716709,1.144620702967804,0.3890323729111375,0.4771623958250638,1.1254965120464957,-0.16696491451302037,-0.24380620068377634,0.07684128617075597,0.3890323729111375,1.0383838697425498,-0.26031912392027473,0.02288188
-9.219359988526966,0.2599006575092184,0.2061379928026935,0.7665057166635595,0.35161255601559155,0.4564708016997452,0.9025370481108979,-0.16494781791185648,-0.22803452412939237,0.0630867062175359,0.35161255601559155,0.9334524623523202,-0.23022735032113711,-0.3090863
1.6047201678360554,0.32523162356830293,-0.10103571682506576,0.5636811289827005,0.3192378169980823,0.44397183235389354,1.0117637736321512,-0.15627613732319018,-0.21368284676815197,0.05740670944496179,0.3192378169980823,0.8222822392050223,-0.18380660520885772,-0.06866134
0.2546055889893889,0.3355970626187445,-0.22393369159676935,0.5319511369109178,0.305850131047174,0.43365042571245077,0.9309977761999265,-0.14687428830726906,-0.2003211350759754,0.05344684676870634,0.305850131047174,0.7909909953282722,-0.1792907332339242,-0.084966235
1.2474516432601415,0.3863830018744812,-0.17000045632794536,0.6133085211868353,0.2916578470683216,0.42914876629931087,1.0723376507112388,-0.13378308622245988,-0.18701352530527232,0.05323043908281244,0.2916578470683216,0.7476479839021841,-0.16433228976554098,-0.010762185
-0.8930555308462432,0.3500251484966739,0.04347628610452347,0.9175880172284236,0.29245059601468265,0.4216131836514407,1.0560187504535425,-0.12490219441723543,-0.17459125912766496,0.049689064710429526,0.29245059601468265,0.7488069084493579,-0.16390571641999263,0.07810143
-3.119091123438337,0.223041490906499,0.06530582955801373,0.6739177980344064,0.2885581300246395,0.40270159386620813,1.1232726502999717,-0.12665059438424187,-0.16500312617898036,0.03835253179473849,0.2885581300246395,0.7459381998590731,-0.16882193980979404,-0.009320307
-7.102153990705958,-0.066099625789808,0.11648866350198891,0.7081152695615979,0.2585794813409349,0.35805385866087325,0.958468668507232,-0.1496425000277929,-0.16193100094874288,0.01228850092094999,0.2585794813409349,0.7268366714946057,-0.2096777088127359,-0.061495107
2.388715705564062,0.031149170488142922,0.05607863821708195,0.8731147228792029,0.24542409178315486,0.32692007883489893,1.131684197317699,-0.15819303494540746,-0.1611834077480758,0.0029903728026683396,0.24542409178315486,0.7241280789524379,-0.23327989538612817,-0.08045587
5.4823670803627484,0.2543459276732951,0.25888446958629474,1.0360740265654669,0.23296354859397156,0.3200082549147462,1.1415362939673026,-0.14528453284107157,-0.15800363276667495,0.012719099925603383,0.23296354859397156,0.6960970329575997,-0.23016993576965655,-0.052050386
-8.54076991265425,-0.09336376057377738,0.12461522576040103,0.9880579737946092,0.21696232467177085,0.2806394915348868,0.8451258594248864,-0.16125289483782768,-0.1586534851809055,-0.0025994096569221803,0.21696232467177085,0.7025805349655949,-0.26865588562205317,-0.007516678
1.7174980283869588,-0.02344141046684191,-0.029879527913197687,0.4872068042333687,0.20456906634709165,0.2516794056299603,0.7121895026368622,-0.16634822864626764,-0.16019243387397794,-0.006155794772289697,0.20456906634709165,0.7018956867941895,-0.2927575541000062,-0.16662398
9.354434802147846,0.3573939992265168,0.2638466253217049,1.1954194314122966,0.22427893728979162,0.2617474621629656,0.9222478764560559,-0.13806456030245529,-0.15576685915967342,0.017702298857218135,0.22427893728979162,0.7124895471591547,-0.2639316725795714,-0.006799684
-0.4007805884153495,0.3410775201644938,0.03698521631332641,0.8224433609459602,0.23980027754797276,0.2693027057821588,0.9545015925011007,-0.11563320525396079,-0.1477401283785309,0.032106923124570114,0.23980027754797276,0.7217900958449743,-0.24218954074902885,0.013561315
-0.43063108899485114,0.32354577498985254,0.061543323232284126,0.6844929952626984,0.2685424198526569,0.27446871237336773,0.8520731284330064,-0.09813956823270181,-0.13782001634936508,0.03968044811666327,0.2685424198526569,0.692262005894402,-0.15517716618908817,-0.17742059
4.524889345059325,0.5077619381242745,-0.023872075615698478,0.6645355931721225,0.29656630802807,0.29668711482583504,1.1293678169405827,-0.06862002116278498,-0.12398001731204907,0.05535999614926408,0.29656630802807,0.7046734192774031,-0.11154080322126309,0.055147633
-0.3201650512785736,0.49472745864453355,-0.07499517417919815,0.6576858441852731,0.3088198811030313,0.31554809995142535,1.0909485205374683,-0.04574996388801139,-0.10833400662724155,0.06258404273923016,0.3088198811030313,0.7256205985947776,-0.10798083638871492,-0.0036239594
-5.004355782481138,0.2909913778462646,-0.06184360282146868,1.2040344572979742,0.2959590636477138,0.3132093645128386,0.9783153492333194,-0.04356291162657766,-0.09537978762710878,0.051816876000531115,0.2959590636477138,0.6972429986306911,-0.10532487133526347,0.0061019547
-1.7937182380908787,0.2179659696280212,-0.13866873171492483,0.6192028457782345,0.27981410688919206,0.3041385649999988,0.9190012997639393,-0.04717835439498286,-0.0857395009806836,0.03856114658570074,0.27981410688919206,0.6652810265992743,-0.10565281282089029,-0.09810893
-1.757922779937747,0.146397857148028,-0.02193318743052247,0.7392133173286125,0.2648934058627872,0.28911564044266824,0.903698017448818,-0.055182458364131826,-0.07962809245737326,0.024445634093241436,0.2648934058627872,0.6465520103647004,-0.1167651986391261,-0.15820143
1.2429131666979936,0.19699902708124692,-0.22660240200995316,0.5818764656700599,0.24298151045790814,0.2803426296463424,0.9872220836153778,-0.05678805950353161,-0.07506008586660493,0.018272026363073318,0.24298151045790814,0.5831837175466783,-0.09722069663086205,-0.093033075
2.553570481397455,0.3009593497552129,-0.1197386517439782,1.207642870545424,0.24503444507020786,0.2823061267995681,1.1980994056249488,-0.049105720587434065,-0.06986921281077076,0.02076349222333669,0.24503444507020786,0.5861608160409817,-0.096091925900566,-0.05581098
-0.5720802000385597,0.2776689637546477,-0.23273524562934608,0.5537169134621301,0.2426563120795251,0.28186449222386145,1.138576434528752,-0.04438510726475392,-0.06477239170156739,0.020387284436813466,0.2426563120795251,0.5820875759237787,-0.09677495176472856,-0.007435467
5.527904488059308,0.5027196284909554,-0.1229545926526977,0.9893434083808689,0.25101244037313564,0.30289831472548945,1.13947322306989,-0.02222804827497421,-0.05626352301624875,0.03403547474127454,0.25101244037313564,0.607859146805948,-0.10583426605967677,-0.028198734
2.543516968760042,0.6062706550732699,0.08537979640031078,1.0324899123919835,0.2620068230330751,0.3317909185681352,1.455301506913955,0.003645262721020448,-0.04428176586879491,0.04792702858981536,0.2620068230330751,0.648714559178799,-0.1247009131126488,-0.05278563
-6.548005948146861,0.33968987486787633,0.05487404590538647,1.4377894062094094,0.26149005935163516,0.3325432001204915,1.2095030615231135,0.002609130604961818,-0.03490358657404356,0.03751271717900538,0.26149005935163516,0.6477298915003907,-0.1247497727971204,-0.073799014
-0.5433611636988721,0.31756869109082897,-0.059324228780532735,0.8654480300269746,0.2662164193608517,0.33111705640338074,0.971027374048933,2.9596645251261933e-06,-0.027922277326329827,0.027925236990854953,0.2662164193608517,0.6527885311467643,-0.12035569242506078,-0.15149443
1.7033448479672888,0.3869148404568761,0.04468129672321089,1.2794836317770901,0.28886714267318586,0.3364311310751422,1.0321076501110984,0.0034929406758388293,-0.021639233725896097,0.025132174401734927,0.28886714267318586,0.6453716752521832,-0.06763738990581153,-0.10685371
0.53718612189149,0.40878462747652144,-0.15517313877869654,0.7102100416156178,0.30774891552260486,0.343321940256226,1.0595263454969754,0.007932049085975501,-0.015724977163521777,0.023657026249497278,0.30774891552260486,0.646332578934627,-0.03083474788941737,0.0023992832
0.7357231540860107,0.43873720448768433,-0.24857196743856072,0.5223240474357108,0.3169684793633243,0.35240910827826966,0.9459768529512702,0.013708968666477639,-0.009838187997521895,0.023547156663999536,0.3169684793633243,0.6594488459005994,-0.025511887173950865,-0.07044119
0.19994268102178123,0.4468772209026403,-0.10644409298242898,0.8718961085232808,0.34398052843714516,0.3614060713853526,0.9624053457763477,0.01872816373653735,-0.004124917650710047,0.022853081387247398,0.34398052843714516,0.6309067155507447,0.05705434132354559,0.020275425
2.0716718219316785,0.5312186058973153,-0.11420758678395293,0.8211980580490967,0.371713529255353,0.3775786937198252,1.20827765103102,0.029175242850985106,0.0025351144496289836,0.02664012840135612,0.371713529255353,0.6126452098185219,0.13078184869218415,-0.059133403
0.8023464466653334,0.5638835337304371,-0.028540175661282422,0.5854050091789134,0.38203800598054904,0.39532201181607396,1.310786704603874,0.03963354417405235,0.009954800394513658,0.02967874377953869,0.38203800598054904,0.6376366716993878,0.12643934026171028,-0.02385706
9.780470722853535,0.9620636112565102,0.5144882774875491,1.4663426724271593,0.4130873105351499,0.44929740223897263,1.5665720812993096,0.07913935858395932,0.023791712032402792,0.05534764655155652,0.4130873105351499,0.776055041511454,0.05011957955884583,0.057188515
0.1975226219898186,0.9701051028335242,0.0927393289612932,0.8042962205017238,0.44541527692733346,0.49889813562892993,1.5533685349506359,0.10983082095588226,0.040999533817098685,0.06883128713878357,0.44541527692733346,0.8824244087953008,0.008406145059366044,-0.0025595524
-1.3994935471540333,0.9131292716190886,-0.3155319846030109,0.5526134037527803,0.46568364360207426,0.5383487200089451,1.4534235037650918,0.12808012464377716,0.05841565198243438,0.06966447266134278,0.46568364360207426,0.9499179936219038,-0.018550706417755303,-0.0051988955
-3.5663731211253085,0.7679359812247522,-0.2782890405906251,0.906157203731598,0.479344069731085,0.5602141734580696,1.3330597534645094,0.12933603884478728,0.07259972935490497,0.056736309489882314,0.479344069731085,0.9820890798770116,-0.02340094041484153,-0.107301675
6.165503699222053,1.0189444255532136,-0.043302427510153035,1.1527372023537843,0.5157417221164324,0.6039027688957024,1.3446169428336392,0.14886956787924754,0.08785369705977349,0.06101587081947406,0.5157417221164324,1.0643803464079458,-0.0328969021750809,0.00875218
2.2123522342726543,1.1090131563045134,-0.07564031898444486,0.8658285797113706,0.5602940814502573,0.6520085200774939,1.3386646629458414,0.16966206552595975,0.10421537075301074,0.06544669477294901,0.5602940814502573,1.1502758754094373,-0.02968771250892277,-0.009835897
5.78497698579102,1.3445296922628935,0.04898729852946097,1.57747867643621,0.6202006732060004,0.7179629174284844,1.6913621123810139,0.20280665697204714,0.12393362799681802,0.07887302897522912,0.6202006732060004,1.2731796558249515,-0.03277830941295068,0.01878837
0.0426311524142265,1.3462652810759816,0.283595109035983,1.3836240484350362,0.6776639859057372,0.7778012377758652,1.7178447907550953,0.22660190627846388,0.1444672836531472,0.08213462262531668,0.6776639859057372,1.3746261016420105,-0.019298129830536026,0.036695328
1.1134400598203786,1.3915953742691407,0.04706407167628234,1.2188058997246924,0.7321957871314335,0.8362578222037962,1.713035589156673,0.24627862577578363,0.1648295520776745,0.08144907369810914,0.7321957871314335,1.4742639076617081,-0.009872333398841082,0.05337601
2.2655687161256104,1.483830641117764,-0.10869490703789485,0.6952229746468701,0.7925038709995894,0.8979314240051264,1.726684773517811,0.2662460640390919,0.18511285446995798,0.08113320956913392,0.7925038709995894,1.5740378854286923,0.010969856570486547,0.07142441
0.40230228534860407,1.5002090711246876,-0.1871865241802228,0.7210806327401185,0.842378343131276,0.9552911999212751,1.7241537355355894,0.28016246662156286,0.20412277690027897,0.07603968972128389,0.842378343131276,1.6718868479943023,0.012869838268249723,0.08003474
-6.630300682359076,1.2302779282857206,0.26881963221878435,1.5606201937982789,0.8735787067918984,0.9814804121464604,1.453461534370403,0.266339927716156,0.2165662070634544,0.04977372065270161,0.8735787067918984,1.712581962822496,0.03457545076130086,-0.06365204
0.7819434052879695,1.2621122126020203,0.10851992870105168,1.2974052280400155,0.9196998236786058,1.0082072502850852,1.436329870167462,0.2550145774341186,0.22425588113758727,0.03075869629653133,0.9196998236786058,1.7362430579829051,0.1031565893743065,-0.014243742
-2.4412625864385067,1.1627241408542857,-0.03318723924548235,1.0403318320792596,0.9619575961667785,1.022923144625009,1.3438021968014136,0.23530689753031986,0.2264660844161338,0.008840813114186052,0.9619575961667785,1.73353330248574,0.1903818898478168,-0.016655648
3.890581776676608,1.3211165329340238,0.062254472251944165,1.1383549378117048,1.0086676807906358,1.0513225149401533,1.2390451713437733,0.229820138027661,0.22713689513843927,0.0026832428892217264,1.0086676807906358,1.7460167613155009,0.2713186002657708,-0.0016624855
-2.624929254420646,1.2142510697428284,-0.21113219481340922,0.9892406642286468,1.0489410029039514,1.0668395201594556,1.1525098685745152,0.21437748166100778,0.22458501244295298,-0.010207530781945195,1.0489410029039514,1.7345008523079337,0.36338115349996924,-0.05319935
4.67501436284136,1.4045790850480642,-0.09923813629144007,1.1920781448091327,1.0972330969319704,1.0990051930059899,1.2833861054221385,0.21501834776093065,0.2226716795065485,-0.0076533317456178585,1.0972330969319704,1.7363032605706634,0.4581629332932773,-0.0040248623
3.0963598915839206,1.5306373144131022,0.004828866643869651,0.9288019619598423,1.1514211016074933,1.1401130140923814,1.4447054796014478,0.22312602641807078,0.22276254888885297,0.0003634775292178094,1.1514211016074933,1.7401039051225058,0.562738298092481,-0.0007227892
-0.891207579314426,1.4943546943758013,-0.010240287628239423,0.9320366038727363,1.1995779060314176,1.1738503169765167,1.316867328363149,0.2240411095063808,0.22301826101235855,0.0010228484940222327,1.1995779060314176,1.7292592624991805,0.6698965495636546,0.03756595
-0.8372333511224516,1.4602694596152306,-0.22687366715925372,0.7567048073040887,1.2443972023256573,1.201128330561156,1.2431914276997618,0.2194858298424598,0.22231177477837882,-0.0028259449359190336,1.2443972023256573,1.6931025861106674,0.7956918185406472,-0.057970244
-0.37062197211365555,1.4451807905960339,-0.45897779315150544,0.37370986683600854,1.2685530612926335,1.224371421993049,1.0822357572595973,0.21221196101201634,0.22029181202510634,-0.00807985101309,1.2685530612926335,1.7051138206866983,0.8319923018985687,0.01064068
-2.0481852686155517,1.3617955842849043,-0.2898095132555519,0.6424063625057931,1.2881375853652024,1.237459437449416,1.0118953002552353,0.19744287967545882,0.21572202555517683,-0.018279145879718017,1.2881375853652024,1.7029253108029143,0.8733498599274905,0.07835432
-2.276402240758394,1.269119265691391,-0.34304018966039335,0.517636088669236,1.3059370850688174,1.240474659186747,0.9094733889225217,0.17622861811741464,0.20782334406762443,-0.03159472595020979,1.3059370850688174,1.6816822643665454,0.9301919057710896,0.06177238
2.2558495475732325,1.3609588481811181,-0.2401227681354839,0.9260418824351715,1.3355882284166358,1.2519493438528775,0.9091543548491343,0.16492568908260163,0.19924381307061986,-0.03431812398801823,1.3355882284166358,1.6134084995606122,1.0577679572726595,-0.08203649
0.21701258870663648,1.3697938104077758,-0.30885526550684467,0.6244478664613458,1.353130697659364,1.2631726263819154,0.9030362738217361,0.15489540618072817,0.19037413169264156,-0.03547872551191339,1.353130697659364,1.5877082345804543,1.1185531607382737,-0.03987011
-0.3455684406709464,1.3557251144936413,-0.35088154952041284,0.9867284540492569,1.3654662955688204,1.2719871490592227,1.1151813336338674,0.1441494434789221,0.1811291940498977,-0.03697975057097558,1.3654662955688204,1.5700179060521218,1.160914685085519,-0.020144071
-2.695312185941691,1.2459942390003491,-0.29934365956014225,1.2342147698583306,1.3605395229056931,1.2695116338155206,0.9861888282042736,0.1253340530779976,0.16997016585551766,-0.044636112777520054,1.3605395229056931,1.5718493406385838,1.1492297051728024,0.024753077
-1.1350581607271846,1.1997840350907474,-0.4781944196835973,0.604624465319131,1.3532154606064315,1.2628709101274471,1.0332719950890874,0.10547805797248455,0.15707174427891105,-0.051593686306426495,1.3532154606064315,1.5764274064740302,1.1300035147388328,-0.058990262
-2.499822671896292,1.098011879792409,-0.3619977536489319,1.3378484402110566,1.3385362858825949,1.2471700500955387,0.7889717012247135,0.08060076100878222,0.1417775476248853,-0.06117678661610307,1.3385362858825949,1.588171074775482,1.0889014969897077,0.042545687
-0.7526203685978201,1.0673713876108069,-0.3319029882959647,0.79275936367391,1.317713323207247,1.2300463679541358,0.8502757458267992,0.057747218301835934,0.12497148176027542,-0.06722426345843949,1.317713323207247,1.5851598428278402,1.050266803586654,0.06317991
0.5623955563764147,1.0902674948211708,-0.2768364261196767,0.9789770862446633,1.2972162443920712,1.216734094322425,0.6136634336813361,0.041010403157313524,0.10817926603968304,-0.06716886288236952,1.2972162443920712,1.568579506892134,1.0258529818920084,-0.0110064065
-2.507581222110291,0.9881794753672881,-0.305880183979808,1.1262960322571485,1.2851113217461498,1.194966987755269,0.31299591200925675,0.019286385145685037,0.09040068986088344,-0.0711143047151984,1.2851113217461498,1.5887291561559531,0.9814934873363466,0.038068037
1.5580556255471247,1.0516106462536405,-0.23523700054639624,0.8614330509754063,1.2745862434287305,1.1813140028503522,0.4579182145097448,0.007106391672856871,0.07374183022327813,-0.06663543855042126,1.2745862434287305,1.5956538901712976,0.9535185966861635,0.054345343
3.3816771099826015,1.1892846388432488,-0.30977966545675023,0.9709459257001143,1.2759142683281788,1.182073111040152,0.7055589612825502,0.008465217942913217,0.06068650776720515,-0.05222128982429193,1.2759142683281788,1.5952487806890732,0.9565797559672845,0.029145978
1.9598157629039223,1.2690721679430985,-0.247040166707919,0.8275502281623083,1.2733120500786326,1.1903587355070993,0.8212159294507911,0.015798172835476354,0.05170884078085939,-0.035910667945383036,1.2733120500786326,1.5919430559520245,0.9546810442052407,0.0013341182
3.602289482946196,1.415727676275563,-0.22730810078848418,0.7346455802041642,1.2833858804052691,1.211822444151715,1.051446917088773,0.033062344167162916,0.0479795414581201,-0.014917197290957182,1.2833858804052691,1.6068576818546514,0.9599140789558869,0.09322915
1.5816940963026764,1.4801212106702537,-0.29219628172782597,0.45303474527609505,1.2871629866863787,1.2373747076296708,1.2068600220313823,0.051348431638947645,0.04865331949428561,0.002695112144662032,1.2871629866863787,1.618267421401159,0.9560585519715985,0.02095078
-4.037188096320538,1.3157602187781126,0.016207737135022077,0.6418420125540719,1.2764191319046292,1.244839994405713,0.958629932048137,0.05197855287884812,0.049318366171198114,0.002660186707650003,1.2764191319046292,1.5876045198300583,0.9652337439792001,-0.028218053
3.5874372004183646,1.4618110646995388,0.09419418379858556,1.319946152812573,1.274791950420816,1.265503905862268,1.074825368462007,0.06353066916163241,0.052160826769284976,0.011369842392347437,1.274791950420816,1.5814870490864057,0.9680968517552264,0.058527973
0.376727373061754,1.4771482952748949,-0.016261307644499276,0.7721135750397697,1.2756358922037994,1.2856605143777562,1.098635543589691,0.07308095906826773,0.05634485322908153,0.016736105839186194,1.2756358922037994,1.5845647329191372,0.9667070514884615,0.073368534
-0.13168523341049382,1.4717871589927825,0.31233477673545923,0.7465926183558376,1.2769662106236368,1.3033868614839492,1.2004092954659982,0.07930287950175052,0.06093645848361533,0.018366421018135196,1.2769662106236368,1.5891808257177749,0.9647515955294987,0.09205923
1.8856110452001187,1.5485536841874663,-0.06757421174978606,1.13279833052171,1.286304115618765,1.326736082693808,1.3013870170805995,0.08939769234121475,0.06662870525513521,0.022768987086079537,1.286304115618765,1.6196571422371784,0.9529510890003514,0.0777475
-0.11000625419274802,1.544075137084363,-0.02696712927300509,0.7488084618375577,1.3000519091884135,1.3474350402548132,1.4208455080038336,0.0959306936021862,0.07248910292454541,0.02344159067764079,1.3000519091884135,1.6525499675836897,0.9475538507931374,0.007413561
-2.568594859963436,1.4395031456685028,-9.382756858563492e-05,1.2719708040384368,1.3039791240627827,1.3562034312465931,1.328201023656568,0.09161398936490506,0.07631408021261735,0.01529990915228771,1.3039791240627827,1.6610547366875905,0.946903511437975,-0.00032977262
-4.059172855911776,1.2742471157432766,0.14245184695469626,1.4877389154248568,1.2992017893295578,1.348398067865325,1.1441605854759127,0.07400510486171896,0.07585228514243766,-0.001847180280718702,1.2992017893295578,1.6551246603981198,0.9432789182609957,-0.051353265
-4.594757245188688,1.087186508135943,0.03596017717882519,1.125867095340554,1.2857748590116729,1.3235207764625267,1.0727358780246183,0.044443393548817545,0.06957050682371364,-0.0251271132748961,1.2857748590116729,1.6528070882656098,0.9187426297577359,-0.035275355
0.2469847915315573,1.0972416911865912,-0.04504269364952376,1.334065054221705,1.278337231620985,1.3019703873886281,1.0348911975185846,0.0215781540621367,0.05997203627139826,-0.03839388220926156,1.278337231620985,1.654674430320968,0.9020000329210018,-0.037228875
2.510775852537334,1.1994597696352964,0.03377930798694396,1.0830167423049721,1.2783210183482123,1.2922074714121203,1.0079970926938107,0.011572036459509771,0.05029203630902056,-0.038719999849510786,1.2783210183482123,1.6546724940257669,0.9019695426706578,0.027454402
1.7212112374233706,1.269533290979679,-0.07010575980283755,1.1104869339537327,1.286897088907576,1.2900480256566498,1.0003652055492005,0.009190521106467564,0.04207173326850996,-0.03288121216204239,1.286897088907576,1.6536429257204495,0.9201512520947024,0.020079695
-6.81005047419359,0.9922842195791836,0.3137953995287163,1.69100719299806,1.2831427305059946,1.2616895679349862,0.6960713913808141,-0.014896808824376606,0.030678024849932643,-0.04557483367430925,1.2831427305059946,1.6607279169897589,0.9055575440222303,-0.055819962
